<resources xmlns:tools="http://schemas.android.com/tools">
    <!-- Base application theme. -->
    <style name="Base.Theme.Sarmax" parent="Theme.Material3.DayNight.NoActionBar">
        <!-- Customize your theme here. -->
        <item name="colorPrimary">#10B981</item> <!-- Emerald 500 -->
        <item name="android:statusBarColor">#0f1014</item>
        <item name="android:windowLightStatusBar">false</item>
    </style>

    <style name="Theme.Sarmax" parent="Base.Theme.Sarmax" />
    
    <style name="Theme.Sarmax.NoActionBar">
        <item name="windowActionBar">false</item>
        <item name="windowNoTitle">true</item>
    </style>
</resources>